season,yr,mnth,holiday,weekday,workingday,weathersit,temp,atemp,hum,windspeed,day_of_year,day_of_month,quarter,week,is_month_end,is_month_start,is_quarter_end,is_quarter_start,is_year_end,is_year_start,label
1,0,1,0,6,0,2,0.344167,0.363625,0.805833,0.160446,1,1,1,52,False,True,False,True,False,True,985
1,0,1,0,0,0,2,0.363478,0.353739,0.696087,0.248539,2,2,1,52,False,False,False,False,False,False,801
1,0,1,0,1,1,1,0.196364,0.189405,0.437273,0.248309,3,3,1,1,False,False,False,False,False,False,1349
1,0,1,0,2,1,1,0.2,0.212122,0.590435,0.160296,4,4,1,1,False,False,False,False,False,False,1562
1,0,1,0,3,1,1,0.226957,0.22927,0.436957,0.1869,5,5,1,1,False,False,False,False,False,False,1600
1,0,1,0,4,1,1,0.204348,0.233209,0.518261,0.0895652,6,6,1,1,False,False,False,False,False,False,1606
1,0,1,0,5,1,2,0.196522,0.208839,0.498696,0.168726,7,7,1,1,False,False,False,False,False,False,1510
1,0,1,0,6,0,2,0.165,0.162254,0.535833,0.266804,8,8,1,1,False,False,False,False,False,False,959
1,0,1,0,0,0,1,0.138333,0.116175,0.434167,0.36195,9,9,1,1,False,False,False,False,False,False,822
1,0,1,0,1,1,1,0.150833,0.150888,0.482917,0.223267,10,10,1,2,False,False,False,False,False,False,1321
1,0,1,0,2,1,2,0.169091,0.191464,0.686364,0.122132,11,11,1,2,False,False,False,False,False,False,1263
1,0,1,0,3,1,1,0.172727,0.160473,0.599545,0.304627,12,12,1,2,False,False,False,False,False,False,1162
1,0,1,0,4,1,1,0.165,0.150883,0.470417,0.301,13,13,1,2,False,False,False,False,False,False,1406
1,0,1,0,5,1,1,0.16087,0.188413,0.537826,0.126548,14,14,1,2,False,False,False,False,False,False,1421
1,0,1,0,6,0,2,0.233333,0.248112,0.49875,0.157963,15,15,1,2,False,False,False,False,False,False,1248
1,0,1,0,0,0,1,0.231667,0.234217,0.48375,0.188433,16,16,1,2,False,False,False,False,False,False,1204
1,0,1,1,1,0,2,0.175833,0.176771,0.5375,0.194017,17,17,1,3,False,False,False,False,False,False,1000
1,0,1,0,2,1,2,0.216667,0.232333,0.861667,0.146775,18,18,1,3,False,False,False,False,False,False,683
1,0,1,0,3,1,2,0.292174,0.298422,0.741739,0.208317,19,19,1,3,False,False,False,False,False,False,1650
1,0,1,0,4,1,2,0.261667,0.25505,0.538333,0.195904,20,20,1,3,False,False,False,False,False,False,1927
1,0,1,0,5,1,1,0.1775,0.157833,0.457083,0.353242,21,21,1,3,False,False,False,False,False,False,1543
1,0,1,0,6,0,1,0.0591304,0.0790696,0.4,0.17197,22,22,1,3,False,False,False,False,False,False,981
1,0,1,0,0,0,1,0.0965217,0.0988391,0.436522,0.2466,23,23,1,3,False,False,False,False,False,False,986
1,0,1,0,1,1,1,0.0973913,0.11793,0.491739,0.15833,24,24,1,4,False,False,False,False,False,False,1416
1,0,1,0,2,1,2,0.223478,0.234526,0.616957,0.129796,25,25,1,4,False,False,False,False,False,False,1985
1,0,1,0,3,1,3,0.2175,0.2036,0.8625,0.29385,26,26,1,4,False,False,False,False,False,False,506
1,0,1,0,4,1,1,0.195,0.2197,0.6875,0.113837,27,27,1,4,False,False,False,False,False,False,431
1,0,1,0,5,1,2,0.203478,0.223317,0.793043,0.1233,28,28,1,4,False,False,False,False,False,False,1167
1,0,1,0,6,0,1,0.196522,0.212126,0.651739,0.145365,29,29,1,4,False,False,False,False,False,False,1098
1,0,1,0,0,0,1,0.216522,0.250322,0.722174,0.0739826,30,30,1,4,False,False,False,False,False,False,1096
1,0,1,0,1,1,2,0.180833,0.18625,0.60375,0.187192,31,31,1,5,True,False,False,False,False,False,1501
1,0,2,0,2,1,2,0.192174,0.23453,0.829565,0.053213,32,1,1,5,False,True,False,False,False,False,1360
1,0,2,0,3,1,2,0.26,0.254417,0.775417,0.264308,33,2,1,5,False,False,False,False,False,False,1526
1,0,2,0,4,1,1,0.186957,0.177878,0.437826,0.277752,34,3,1,5,False,False,False,False,False,False,1550
1,0,2,0,5,1,2,0.211304,0.228587,0.585217,0.127839,35,4,1,5,False,False,False,False,False,False,1708
1,0,2,0,6,0,2,0.233333,0.243058,0.929167,0.161079,36,5,1,5,False,False,False,False,False,False,1005
1,0,2,0,0,0,1,0.285833,0.291671,0.568333,0.1418,37,6,1,5,False,False,False,False,False,False,1623
1,0,2,0,1,1,1,0.271667,0.303658,0.738333,0.0454083,38,7,1,6,False,False,False,False,False,False,1712
1,0,2,0,2,1,1,0.220833,0.198246,0.537917,0.36195,39,8,1,6,False,False,False,False,False,False,1530
1,0,2,0,3,1,2,0.134783,0.144283,0.494783,0.188839,40,9,1,6,False,False,False,False,False,False,1605
1,0,2,0,4,1,1,0.144348,0.149548,0.437391,0.221935,41,10,1,6,False,False,False,False,False,False,1538
1,0,2,0,5,1,1,0.189091,0.213509,0.506364,0.10855,42,11,1,6,False,False,False,False,False,False,1746
1,0,2,0,6,0,1,0.2225,0.232954,0.544167,0.203367,43,12,1,6,False,False,False,False,False,False,1472
1,0,2,0,0,0,1,0.316522,0.324113,0.457391,0.260883,44,13,1,6,False,False,False,False,False,False,1589
1,0,2,0,1,1,1,0.415,0.39835,0.375833,0.417908,45,14,1,7,False,False,False,False,False,False,1913
1,0,2,0,2,1,1,0.266087,0.254274,0.314348,0.291374,46,15,1,7,False,False,False,False,False,False,1815
1,0,2,0,3,1,1,0.318261,0.3162,0.423478,0.251791,47,16,1,7,False,False,False,False,False,False,2115
1,0,2,0,4,1,1,0.435833,0.428658,0.505,0.230104,48,17,1,7,False,False,False,False,False,False,2475
1,0,2,0,5,1,1,0.521667,0.511983,0.516667,0.264925,49,18,1,7,False,False,False,False,False,False,2927
1,0,2,0,6,0,1,0.399167,0.391404,0.187917,0.507463,50,19,1,7,False,False,False,False,False,False,1635
1,0,2,0,0,0,1,0.285217,0.27733,0.407826,0.223235,51,20,1,7,False,False,False,False,False,False,1812
1,0,2,1,1,0,2,0.303333,0.284075,0.605,0.307846,52,21,1,8,False,False,False,False,False,False,1107
1,0,2,0,2,1,1,0.182222,0.186033,0.577778,0.195683,53,22,1,8,False,False,False,False,False,False,1450
1,0,2,0,3,1,1,0.221739,0.245717,0.423043,0.094113,54,23,1,8,False,False,False,False,False,False,1917
1,0,2,0,4,1,2,0.295652,0.289191,0.697391,0.250496,55,24,1,8,False,False,False,False,False,False,1807
1,0,2,0,5,1,2,0.364348,0.350461,0.712174,0.346539,56,25,1,8,False,False,False,False,False,False,1461
1,0,2,0,6,0,1,0.2825,0.282192,0.537917,0.186571,57,26,1,8,False,False,False,False,False,False,1969
1,0,2,0,0,0,1,0.343478,0.351109,0.68,0.125248,58,27,1,8,False,False,False,False,False,False,2402
1,0,2,0,1,1,2,0.407273,0.400118,0.876364,0.289686,59,28,1,9,True,False,False,False,False,False,1446
1,0,3,0,2,1,1,0.266667,0.263879,0.535,0.216425,60,1,1,9,False,True,False,False,False,False,1851
1,0,3,0,3,1,1,0.335,0.320071,0.449583,0.307833,61,2,1,9,False,False,False,False,False,False,2134
1,0,3,0,4,1,1,0.198333,0.200133,0.318333,0.225754,62,3,1,9,False,False,False,False,False,False,1685
1,0,3,0,5,1,2,0.261667,0.255679,0.610417,0.203346,63,4,1,9,False,False,False,False,False,False,1944
1,0,3,0,6,0,2,0.384167,0.378779,0.789167,0.251871,64,5,1,9,False,False,False,False,False,False,2077
1,0,3,0,0,0,2,0.376522,0.366252,0.948261,0.343287,65,6,1,9,False,False,False,False,False,False,605
1,0,3,0,1,1,1,0.261739,0.238461,0.551304,0.341352,66,7,1,10,False,False,False,False,False,False,1872
1,0,3,0,2,1,1,0.2925,0.3024,0.420833,0.12065,67,8,1,10,False,False,False,False,False,False,2133
1,0,3,0,3,1,2,0.295833,0.286608,0.775417,0.22015,68,9,1,10,False,False,False,False,False,False,1891
1,0,3,0,4,1,3,0.389091,0.385668,0.0,0.261877,69,10,1,10,False,False,False,False,False,False,623
1,0,3,0,5,1,2,0.316522,0.305,0.649565,0.23297,70,11,1,10,False,False,False,False,False,False,1977
1,0,3,0,6,0,1,0.329167,0.32575,0.594583,0.220775,71,12,1,10,False,False,False,False,False,False,2132
1,0,3,0,0,0,1,0.384348,0.380091,0.527391,0.270604,72,13,1,10,False,False,False,False,False,False,2417
1,0,3,0,1,1,1,0.325217,0.332,0.496957,0.136926,73,14,1,11,False,False,False,False,False,False,2046
1,0,3,0,2,1,2,0.317391,0.318178,0.655652,0.184309,74,15,1,11,False,False,False,False,False,False,2056
1,0,3,0,3,1,2,0.365217,0.36693,0.776522,0.203117,75,16,1,11,False,False,False,False,False,False,2192
1,0,3,0,4,1,1,0.415,0.410333,0.602917,0.209579,76,17,1,11,False,False,False,False,False,False,2744
1,0,3,0,5,1,1,0.54,0.527009,0.525217,0.231017,77,18,1,11,False,False,False,False,False,False,3239
1,0,3,0,6,0,1,0.4725,0.466525,0.379167,0.368167,78,19,1,11,False,False,False,False,False,False,3117
1,0,3,0,0,0,1,0.3325,0.32575,0.47375,0.207721,79,20,1,11,False,False,False,False,False,False,2471
2,0,3,0,1,1,2,0.430435,0.409735,0.737391,0.288783,80,21,1,12,False,False,False,False,False,False,2077
2,0,3,0,2,1,1,0.441667,0.440642,0.624583,0.22575,81,22,1,12,False,False,False,False,False,False,2703
2,0,3,0,3,1,2,0.346957,0.337939,0.839565,0.234261,82,23,1,12,False,False,False,False,False,False,2121
2,0,3,0,4,1,2,0.285,0.270833,0.805833,0.243787,83,24,1,12,False,False,False,False,False,False,1865
2,0,3,0,5,1,1,0.264167,0.256312,0.495,0.230725,84,25,1,12,False,False,False,False,False,False,2210
2,0,3,0,6,0,1,0.265833,0.257571,0.394167,0.209571,85,26,1,12,False,False,False,False,False,False,2496
2,0,3,0,0,0,2,0.253043,0.250339,0.493913,0.1843,86,27,1,12,False,False,False,False,False,False,1693
2,0,3,0,1,1,1,0.264348,0.257574,0.302174,0.212204,87,28,1,13,False,False,False,False,False,False,2028
2,0,3,0,2,1,1,0.3025,0.292908,0.314167,0.226996,88,29,1,13,False,False,False,False,False,False,2425
2,0,3,0,3,1,2,0.3,0.29735,0.646667,0.172888,89,30,1,13,False,False,False,False,False,False,1536
2,0,3,0,4,1,3,0.268333,0.257575,0.918333,0.217646,90,31,1,13,True,False,True,False,False,False,1685
2,0,4,0,5,1,2,0.3,0.283454,0.68625,0.258708,91,1,2,13,False,True,False,True,False,False,2227
2,0,4,0,6,0,2,0.315,0.315637,0.65375,0.197146,92,2,2,13,False,False,False,False,False,False,2252
2,0,4,0,0,0,1,0.378333,0.378767,0.48,0.182213,93,3,2,13,False,False,False,False,False,False,3249
2,0,4,0,1,1,1,0.573333,0.542929,0.42625,0.385571,94,4,2,14,False,False,False,False,False,False,3115
2,0,4,0,2,1,2,0.414167,0.39835,0.642083,0.388067,95,5,2,14,False,False,False,False,False,False,1795
2,0,4,0,3,1,1,0.390833,0.387608,0.470833,0.263063,96,6,2,14,False,False,False,False,False,False,2808
2,0,4,0,4,1,1,0.4375,0.433696,0.602917,0.162312,97,7,2,14,False,False,False,False,False,False,3141
2,0,4,0,5,1,2,0.335833,0.324479,0.83625,0.226992,98,8,2,14,False,False,False,False,False,False,1471
2,0,4,0,6,0,2,0.3425,0.341529,0.8775,0.133083,99,9,2,14,False,False,False,False,False,False,2455
2,0,4,0,0,0,2,0.426667,0.426737,0.8575,0.146767,100,10,2,14,False,False,False,False,False,False,2895
2,0,4,0,1,1,2,0.595652,0.565217,0.716956,0.324474,101,11,2,15,False,False,False,False,False,False,3348
2,0,4,0,2,1,2,0.5025,0.493054,0.739167,0.274879,102,12,2,15,False,False,False,False,False,False,2034
2,0,4,0,3,1,2,0.4125,0.417283,0.819167,0.250617,103,13,2,15,False,False,False,False,False,False,2162
2,0,4,0,4,1,1,0.4675,0.462742,0.540417,0.1107,104,14,2,15,False,False,False,False,False,False,3267
2,0,4,1,5,0,1,0.446667,0.441913,0.67125,0.226375,105,15,2,15,False,False,False,False,False,False,3126
2,0,4,0,6,0,3,0.430833,0.425492,0.888333,0.340808,106,16,2,15,False,False,False,False,False,False,795
2,0,4,0,0,0,1,0.456667,0.445696,0.479583,0.303496,107,17,2,15,False,False,False,False,False,False,3744
2,0,4,0,1,1,1,0.5125,0.503146,0.5425,0.163567,108,18,2,16,False,False,False,False,False,False,3429
2,0,4,0,2,1,2,0.505833,0.489258,0.665833,0.157971,109,19,2,16,False,False,False,False,False,False,3204
2,0,4,0,3,1,1,0.595,0.564392,0.614167,0.241925,110,20,2,16,False,False,False,False,False,False,3944
2,0,4,0,4,1,1,0.459167,0.453892,0.407083,0.325258,111,21,2,16,False,False,False,False,False,False,4189
2,0,4,0,5,1,2,0.336667,0.321954,0.729583,0.219521,112,22,2,16,False,False,False,False,False,False,1683
2,0,4,0,6,0,2,0.46,0.450121,0.887917,0.230725,113,23,2,16,False,False,False,False,False,False,4036
2,0,4,0,0,0,2,0.581667,0.551763,0.810833,0.192175,114,24,2,16,False,False,False,False,False,False,4191
2,0,4,0,1,1,1,0.606667,0.5745,0.776667,0.185333,115,25,2,17,False,False,False,False,False,False,4073
2,0,4,0,2,1,1,0.631667,0.594083,0.729167,0.3265,116,26,2,17,False,False,False,False,False,False,4400
2,0,4,0,3,1,2,0.62,0.575142,0.835417,0.3122,117,27,2,17,False,False,False,False,False,False,3872
2,0,4,0,4,1,2,0.6175,0.578929,0.700833,0.320908,118,28,2,17,False,False,False,False,False,False,4058
2,0,4,0,5,1,1,0.51,0.497463,0.457083,0.240063,119,29,2,17,False,False,False,False,False,False,4595
2,0,4,0,6,0,1,0.4725,0.464021,0.503333,0.235075,120,30,2,17,True,False,False,False,False,False,5312
2,0,5,0,0,0,2,0.451667,0.448204,0.762083,0.106354,121,1,2,17,False,True,False,False,False,False,3351
2,0,5,0,1,1,2,0.549167,0.532833,0.73,0.183454,122,2,2,18,False,False,False,False,False,False,4401
2,0,5,0,2,1,2,0.616667,0.582079,0.697083,0.342667,123,3,2,18,False,False,False,False,False,False,4451
2,0,5,0,3,1,2,0.414167,0.40465,0.737083,0.328996,124,4,2,18,False,False,False,False,False,False,2633
2,0,5,0,4,1,1,0.459167,0.441917,0.444167,0.295392,125,5,2,18,False,False,False,False,False,False,4433
2,0,5,0,5,1,1,0.479167,0.474117,0.59,0.228246,126,6,2,18,False,False,False,False,False,False,4608
2,0,5,0,6,0,1,0.52,0.512621,0.54125,0.16045,127,7,2,18,False,False,False,False,False,False,4714
2,0,5,0,0,0,1,0.528333,0.518933,0.631667,0.0746375,128,8,2,18,False,False,False,False,False,False,4333
2,0,5,0,1,1,1,0.5325,0.525246,0.58875,0.176,129,9,2,19,False,False,False,False,False,False,4362
2,0,5,0,2,1,1,0.5325,0.522721,0.489167,0.115671,130,10,2,19,False,False,False,False,False,False,4803
2,0,5,0,3,1,1,0.5425,0.5284,0.632917,0.120642,131,11,2,19,False,False,False,False,False,False,4182
2,0,5,0,4,1,1,0.535,0.523363,0.7475,0.189667,132,12,2,19,False,False,False,False,False,False,4864
2,0,5,0,5,1,2,0.5125,0.4943,0.863333,0.179725,133,13,2,19,False,False,False,False,False,False,4105
2,0,5,0,6,0,2,0.520833,0.500629,0.9225,0.13495,134,14,2,19,False,False,False,False,False,False,3409
2,0,5,0,0,0,2,0.5625,0.536,0.867083,0.152979,135,15,2,19,False,False,False,False,False,False,4553
2,0,5,0,1,1,1,0.5775,0.550512,0.787917,0.126871,136,16,2,20,False,False,False,False,False,False,3958
2,0,5,0,2,1,2,0.561667,0.538529,0.837917,0.277354,137,17,2,20,False,False,False,False,False,False,4123
2,0,5,0,3,1,2,0.55,0.527158,0.87,0.201492,138,18,2,20,False,False,False,False,False,False,3855
2,0,5,0,4,1,2,0.530833,0.510742,0.829583,0.108213,139,19,2,20,False,False,False,False,False,False,4575
2,0,5,0,5,1,1,0.536667,0.529042,0.719583,0.125013,140,20,2,20,False,False,False,False,False,False,4917
2,0,5,0,6,0,1,0.6025,0.571975,0.626667,0.12065,141,21,2,20,False,False,False,False,False,False,5805
2,0,5,0,0,0,1,0.604167,0.5745,0.749583,0.148008,142,22,2,20,False,False,False,False,False,False,4660
2,0,5,0,1,1,2,0.631667,0.590296,0.81,0.233842,143,23,2,21,False,False,False,False,False,False,4274
2,0,5,0,2,1,2,0.66,0.604813,0.740833,0.207092,144,24,2,21,False,False,False,False,False,False,4492
2,0,5,0,3,1,1,0.660833,0.615542,0.69625,0.154233,145,25,2,21,False,False,False,False,False,False,4978
2,0,5,0,4,1,1,0.708333,0.654688,0.6775,0.199642,146,26,2,21,False,False,False,False,False,False,4677
2,0,5,0,5,1,1,0.681667,0.637008,0.65375,0.240679,147,27,2,21,False,False,False,False,False,False,4679
2,0,5,0,6,0,1,0.655833,0.612379,0.729583,0.230092,148,28,2,21,False,False,False,False,False,False,4758
2,0,5,0,0,0,1,0.6675,0.61555,0.81875,0.213938,149,29,2,21,False,False,False,False,False,False,4788
2,0,5,1,1,0,1,0.733333,0.671092,0.685,0.131225,150,30,2,22,False,False,False,False,False,False,4098
2,0,5,0,2,1,1,0.775,0.725383,0.636667,0.111329,151,31,2,22,True,False,False,False,False,False,3982
2,0,6,0,3,1,2,0.764167,0.720967,0.677083,0.207092,152,1,2,22,False,True,False,False,False,False,3974
2,0,6,0,4,1,1,0.715,0.643942,0.305,0.292287,153,2,2,22,False,False,False,False,False,False,4968
2,0,6,0,5,1,1,0.62,0.587133,0.354167,0.253121,154,3,2,22,False,False,False,False,False,False,5312
2,0,6,0,6,0,1,0.635,0.594696,0.45625,0.123142,155,4,2,22,False,False,False,False,False,False,5342
2,0,6,0,0,0,2,0.648333,0.616804,0.6525,0.138692,156,5,2,22,False,False,False,False,False,False,4906
2,0,6,0,1,1,1,0.678333,0.621858,0.6,0.121896,157,6,2,23,False,False,False,False,False,False,4548
2,0,6,0,2,1,1,0.7075,0.65595,0.597917,0.187808,158,7,2,23,False,False,False,False,False,False,4833
2,0,6,0,3,1,1,0.775833,0.727279,0.622083,0.136817,159,8,2,23,False,False,False,False,False,False,4401
2,0,6,0,4,1,2,0.808333,0.757579,0.568333,0.149883,160,9,2,23,False,False,False,False,False,False,3915
2,0,6,0,5,1,1,0.755,0.703292,0.605,0.140554,161,10,2,23,False,False,False,False,False,False,4586
2,0,6,0,6,0,1,0.725,0.678038,0.654583,0.15485,162,11,2,23,False,False,False,False,False,False,4966
2,0,6,0,0,0,1,0.6925,0.643325,0.747917,0.163567,163,12,2,23,False,False,False,False,False,False,4460
2,0,6,0,1,1,1,0.635,0.601654,0.494583,0.30535,164,13,2,24,False,False,False,False,False,False,5020
2,0,6,0,2,1,1,0.604167,0.591546,0.507083,0.269283,165,14,2,24,False,False,False,False,False,False,4891
2,0,6,0,3,1,1,0.626667,0.587754,0.471667,0.167912,166,15,2,24,False,False,False,False,False,False,5180
2,0,6,0,4,1,2,0.628333,0.595346,0.688333,0.206471,167,16,2,24,False,False,False,False,False,False,3767
2,0,6,0,5,1,1,0.649167,0.600383,0.735833,0.143029,168,17,2,24,False,False,False,False,False,False,4844
2,0,6,0,6,0,1,0.696667,0.643954,0.670417,0.119408,169,18,2,24,False,False,False,False,False,False,5119
2,0,6,0,0,0,2,0.699167,0.645846,0.666667,0.102,170,19,2,24,False,False,False,False,False,False,4744
2,0,6,0,1,1,2,0.635,0.595346,0.74625,0.155475,171,20,2,25,False,False,False,False,False,False,4010
3,0,6,0,2,1,2,0.680833,0.637646,0.770417,0.171025,172,21,2,25,False,False,False,False,False,False,4835
3,0,6,0,3,1,1,0.733333,0.693829,0.7075,0.172262,173,22,2,25,False,False,False,False,False,False,4507
3,0,6,0,4,1,2,0.728333,0.693833,0.703333,0.238804,174,23,2,25,False,False,False,False,False,False,4790
3,0,6,0,5,1,1,0.724167,0.656583,0.573333,0.222025,175,24,2,25,False,False,False,False,False,False,4991
3,0,6,0,6,0,1,0.695,0.643313,0.483333,0.209571,176,25,2,25,False,False,False,False,False,False,5202
3,0,6,0,0,0,1,0.68,0.637629,0.513333,0.0945333,177,26,2,25,False,False,False,False,False,False,5305
3,0,6,0,1,1,2,0.6825,0.637004,0.658333,0.107588,178,27,2,26,False,False,False,False,False,False,4708
3,0,6,0,2,1,1,0.744167,0.692558,0.634167,0.144283,179,28,2,26,False,False,False,False,False,False,4648
3,0,6,0,3,1,1,0.728333,0.654688,0.497917,0.261821,180,29,2,26,False,False,False,False,False,False,5225
3,0,6,0,4,1,1,0.696667,0.637008,0.434167,0.185312,181,30,2,26,True,False,True,False,False,False,5515
3,0,7,0,5,1,1,0.7225,0.652162,0.39625,0.102608,182,1,3,26,False,True,False,True,False,False,5362
3,0,7,0,6,0,1,0.738333,0.667308,0.444583,0.115062,183,2,3,26,False,False,False,False,False,False,5119
3,0,7,0,0,0,2,0.716667,0.668575,0.6825,0.228858,184,3,3,26,False,False,False,False,False,False,4649
3,0,7,1,1,0,2,0.726667,0.665417,0.637917,0.0814792,185,4,3,27,False,False,False,False,False,False,6043
3,0,7,0,2,1,1,0.746667,0.696338,0.590417,0.126258,186,5,3,27,False,False,False,False,False,False,4665
3,0,7,0,3,1,1,0.72,0.685633,0.743333,0.149883,187,6,3,27,False,False,False,False,False,False,4629
3,0,7,0,4,1,1,0.75,0.686871,0.65125,0.1592,188,7,3,27,False,False,False,False,False,False,4592
3,0,7,0,5,1,2,0.709167,0.670483,0.757917,0.225129,189,8,3,27,False,False,False,False,False,False,4040
3,0,7,0,6,0,1,0.733333,0.664158,0.609167,0.167912,190,9,3,27,False,False,False,False,False,False,5336
3,0,7,0,0,0,1,0.7475,0.690025,0.578333,0.183471,191,10,3,27,False,False,False,False,False,False,4881
3,0,7,0,1,1,1,0.7625,0.729804,0.635833,0.282337,192,11,3,28,False,False,False,False,False,False,4086
3,0,7,0,2,1,1,0.794167,0.739275,0.559167,0.200254,193,12,3,28,False,False,False,False,False,False,4258
3,0,7,0,3,1,1,0.746667,0.689404,0.631667,0.146133,194,13,3,28,False,False,False,False,False,False,4342
3,0,7,0,4,1,1,0.680833,0.635104,0.47625,0.240667,195,14,3,28,False,False,False,False,False,False,5084
3,0,7,0,5,1,1,0.663333,0.624371,0.59125,0.182833,196,15,3,28,False,False,False,False,False,False,5538
3,0,7,0,6,0,1,0.686667,0.638263,0.585,0.208342,197,16,3,28,False,False,False,False,False,False,5923
3,0,7,0,0,0,1,0.719167,0.669833,0.604167,0.245033,198,17,3,28,False,False,False,False,False,False,5302
3,0,7,0,1,1,1,0.746667,0.703925,0.65125,0.215804,199,18,3,29,False,False,False,False,False,False,4458
3,0,7,0,2,1,1,0.776667,0.747479,0.650417,0.1306,200,19,3,29,False,False,False,False,False,False,4541
3,0,7,0,3,1,1,0.768333,0.74685,0.707083,0.113817,201,20,3,29,False,False,False,False,False,False,4332
3,0,7,0,4,1,2,0.815,0.826371,0.69125,0.222021,202,21,3,29,False,False,False,False,False,False,3784
3,0,7,0,5,1,1,0.848333,0.840896,0.580417,0.1331,203,22,3,29,False,False,False,False,False,False,3387
3,0,7,0,6,0,1,0.849167,0.804287,0.5,0.131221,204,23,3,29,False,False,False,False,False,False,3285
3,0,7,0,0,0,1,0.83,0.794829,0.550833,0.169171,205,24,3,29,False,False,False,False,False,False,3606
3,0,7,0,1,1,1,0.743333,0.720958,0.757083,0.0908083,206,25,3,30,False,False,False,False,False,False,3840
3,0,7,0,2,1,1,0.771667,0.696979,0.540833,0.200258,207,26,3,30,False,False,False,False,False,False,4590
3,0,7,0,3,1,1,0.775,0.690667,0.402917,0.183463,208,27,3,30,False,False,False,False,False,False,4656
3,0,7,0,4,1,1,0.779167,0.7399,0.583333,0.178479,209,28,3,30,False,False,False,False,False,False,4390
3,0,7,0,5,1,1,0.838333,0.785967,0.5425,0.174138,210,29,3,30,False,False,False,False,False,False,3846
3,0,7,0,6,0,1,0.804167,0.728537,0.465833,0.168537,211,30,3,30,False,False,False,False,False,False,4475
3,0,7,0,0,0,1,0.805833,0.729796,0.480833,0.164813,212,31,3,30,True,False,False,False,False,False,4302
3,0,8,0,1,1,1,0.771667,0.703292,0.550833,0.156717,213,1,3,31,False,True,False,False,False,False,4266
3,0,8,0,2,1,1,0.783333,0.707071,0.49125,0.20585,214,2,3,31,False,False,False,False,False,False,4845
3,0,8,0,3,1,2,0.731667,0.679937,0.6575,0.135583,215,3,3,31,False,False,False,False,False,False,3574
3,0,8,0,4,1,2,0.71,0.664788,0.7575,0.19715,216,4,3,31,False,False,False,False,False,False,4576
3,0,8,0,5,1,1,0.710833,0.656567,0.630833,0.184696,217,5,3,31,False,False,False,False,False,False,4866
3,0,8,0,6,0,2,0.716667,0.676154,0.755,0.22825,218,6,3,31,False,False,False,False,False,False,4294
3,0,8,0,0,0,1,0.7425,0.715292,0.752917,0.201487,219,7,3,31,False,False,False,False,False,False,3785
3,0,8,0,1,1,1,0.765,0.703283,0.592083,0.192175,220,8,3,32,False,False,False,False,False,False,4326
3,0,8,0,2,1,1,0.775,0.724121,0.570417,0.151121,221,9,3,32,False,False,False,False,False,False,4602
3,0,8,0,3,1,1,0.766667,0.684983,0.424167,0.200258,222,10,3,32,False,False,False,False,False,False,4780
3,0,8,0,4,1,1,0.7175,0.651521,0.42375,0.164796,223,11,3,32,False,False,False,False,False,False,4792
3,0,8,0,5,1,1,0.708333,0.654042,0.415,0.125621,224,12,3,32,False,False,False,False,False,False,4905
3,0,8,0,6,0,2,0.685833,0.645858,0.729583,0.211454,225,13,3,32,False,False,False,False,False,False,4150
3,0,8,0,0,0,2,0.676667,0.624388,0.8175,0.222633,226,14,3,32,False,False,False,False,False,False,3820
3,0,8,0,1,1,1,0.665833,0.616167,0.712083,0.208954,227,15,3,33,False,False,False,False,False,False,4338
3,0,8,0,2,1,1,0.700833,0.645837,0.578333,0.236329,228,16,3,33,False,False,False,False,False,False,4725
3,0,8,0,3,1,1,0.723333,0.666671,0.575417,0.143667,229,17,3,33,False,False,False,False,False,False,4694
3,0,8,0,4,1,1,0.711667,0.662258,0.654583,0.233208,230,18,3,33,False,False,False,False,False,False,3805
3,0,8,0,5,1,2,0.685,0.633221,0.722917,0.139308,231,19,3,33,False,False,False,False,False,False,4153
3,0,8,0,6,0,1,0.6975,0.648996,0.674167,0.104467,232,20,3,33,False,False,False,False,False,False,5191
3,0,8,0,0,0,1,0.710833,0.675525,0.77,0.248754,233,21,3,33,False,False,False,False,False,False,3873
3,0,8,0,1,1,1,0.691667,0.638254,0.47,0.27675,234,22,3,34,False,False,False,False,False,False,4758
3,0,8,0,2,1,1,0.640833,0.606067,0.455417,0.146763,235,23,3,34,False,False,False,False,False,False,5895
3,0,8,0,3,1,1,0.673333,0.630692,0.605,0.253108,236,24,3,34,False,False,False,False,False,False,5130
3,0,8,0,4,1,2,0.684167,0.645854,0.771667,0.210833,237,25,3,34,False,False,False,False,False,False,3542
3,0,8,0,5,1,1,0.7,0.659733,0.76125,0.0839625,238,26,3,34,False,False,False,False,False,False,4661
3,0,8,0,6,0,2,0.68,0.635556,0.85,0.375617,239,27,3,34,False,False,False,False,False,False,1115
3,0,8,0,0,0,1,0.707059,0.647959,0.561765,0.304659,240,28,3,34,False,False,False,False,False,False,4334
3,0,8,0,1,1,1,0.636667,0.607958,0.554583,0.159825,241,29,3,35,False,False,False,False,False,False,4634
3,0,8,0,2,1,1,0.639167,0.594704,0.548333,0.125008,242,30,3,35,False,False,False,False,False,False,5204
3,0,8,0,3,1,1,0.656667,0.611121,0.597917,0.0833333,243,31,3,35,True,False,False,False,False,False,5058
3,0,9,0,4,1,1,0.655,0.614921,0.639167,0.141796,244,1,3,35,False,True,False,False,False,False,5115
3,0,9,0,5,1,2,0.643333,0.604808,0.727083,0.139929,245,2,3,35,False,False,False,False,False,False,4727
3,0,9,0,6,0,1,0.669167,0.633213,0.716667,0.185325,246,3,3,35,False,False,False,False,False,False,4484
3,0,9,0,0,0,1,0.709167,0.665429,0.742083,0.206467,247,4,3,35,False,False,False,False,False,False,4940
3,0,9,1,1,0,2,0.673333,0.625646,0.790417,0.212696,248,5,3,36,False,False,False,False,False,False,3351
3,0,9,0,2,1,3,0.54,0.5152,0.886957,0.343943,249,6,3,36,False,False,False,False,False,False,2710
3,0,9,0,3,1,3,0.599167,0.544229,0.917083,0.0970208,250,7,3,36,False,False,False,False,False,False,1996
3,0,9,0,4,1,3,0.633913,0.555361,0.939565,0.192748,251,8,3,36,False,False,False,False,False,False,1842
3,0,9,0,5,1,2,0.65,0.578946,0.897917,0.124379,252,9,3,36,False,False,False,False,False,False,3544
3,0,9,0,6,0,1,0.66,0.607962,0.75375,0.153608,253,10,3,36,False,False,False,False,False,False,5345
3,0,9,0,0,0,1,0.653333,0.609229,0.71375,0.115054,254,11,3,36,False,False,False,False,False,False,5046
3,0,9,0,1,1,1,0.644348,0.60213,0.692174,0.088913,255,12,3,37,False,False,False,False,False,False,4713
3,0,9,0,2,1,1,0.650833,0.603554,0.7125,0.141804,256,13,3,37,False,False,False,False,False,False,4763
3,0,9,0,3,1,1,0.673333,0.6269,0.697083,0.1673,257,14,3,37,False,False,False,False,False,False,4785
3,0,9,0,4,1,2,0.5775,0.553671,0.709167,0.271146,258,15,3,37,False,False,False,False,False,False,3659
3,0,9,0,5,1,2,0.469167,0.461475,0.590417,0.164183,259,16,3,37,False,False,False,False,False,False,4760
3,0,9,0,6,0,2,0.491667,0.478512,0.718333,0.189675,260,17,3,37,False,False,False,False,False,False,4511
3,0,9,0,0,0,1,0.5075,0.490537,0.695,0.178483,261,18,3,37,False,False,False,False,False,False,4274
3,0,9,0,1,1,2,0.549167,0.529675,0.69,0.151742,262,19,3,38,False,False,False,False,False,False,4539
3,0,9,0,2,1,2,0.561667,0.532217,0.88125,0.134954,263,20,3,38,False,False,False,False,False,False,3641
3,0,9,0,3,1,2,0.595,0.550533,0.9,0.0964042,264,21,3,38,False,False,False,False,False,False,4352
3,0,9,0,4,1,2,0.628333,0.554963,0.902083,0.128125,265,22,3,38,False,False,False,False,False,False,4795
4,0,9,0,5,1,2,0.609167,0.522125,0.9725,0.0783667,266,23,3,38,False,False,False,False,False,False,2395
4,0,9,0,6,0,2,0.606667,0.564412,0.8625,0.0783833,267,24,3,38,False,False,False,False,False,False,5423
4,0,9,0,0,0,2,0.634167,0.572637,0.845,0.0503792,268,25,3,38,False,False,False,False,False,False,5010
4,0,9,0,1,1,2,0.649167,0.589042,0.848333,0.1107,269,26,3,39,False,False,False,False,False,False,4630
4,0,9,0,2,1,2,0.636667,0.574525,0.885417,0.118171,270,27,3,39,False,False,False,False,False,False,4120
4,0,9,0,3,1,2,0.635,0.575158,0.84875,0.148629,271,28,3,39,False,False,False,False,False,False,3907
4,0,9,0,4,1,1,0.616667,0.574512,0.699167,0.172883,272,29,3,39,False,False,False,False,False,False,4839
4,0,9,0,5,1,1,0.564167,0.544829,0.6475,0.206475,273,30,3,39,True,False,True,False,False,False,5202
4,0,10,0,6,0,2,0.41,0.412863,0.75375,0.292296,274,1,4,39,False,True,False,True,False,False,2429
4,0,10,0,0,0,2,0.356667,0.345317,0.791667,0.222013,275,2,4,39,False,False,False,False,False,False,2918
4,0,10,0,1,1,2,0.384167,0.392046,0.760833,0.0833458,276,3,4,40,False,False,False,False,False,False,3570
4,0,10,0,2,1,1,0.484167,0.472858,0.71,0.205854,277,4,4,40,False,False,False,False,False,False,4456
4,0,10,0,3,1,1,0.538333,0.527138,0.647917,0.17725,278,5,4,40,False,False,False,False,False,False,4826
4,0,10,0,4,1,1,0.494167,0.480425,0.620833,0.134954,279,6,4,40,False,False,False,False,False,False,4765
4,0,10,0,5,1,1,0.510833,0.504404,0.684167,0.0223917,280,7,4,40,False,False,False,False,False,False,4985
4,0,10,0,6,0,1,0.521667,0.513242,0.70125,0.0454042,281,8,4,40,False,False,False,False,False,False,5409
4,0,10,0,0,0,1,0.540833,0.523983,0.7275,0.06345,282,9,4,40,False,False,False,False,False,False,5511
4,0,10,1,1,0,1,0.570833,0.542925,0.73375,0.0423042,283,10,4,41,False,False,False,False,False,False,5117
4,0,10,0,2,1,2,0.566667,0.546096,0.80875,0.143042,284,11,4,41,False,False,False,False,False,False,4563
4,0,10,0,3,1,3,0.543333,0.517717,0.90625,0.24815,285,12,4,41,False,False,False,False,False,False,2416
4,0,10,0,4,1,2,0.589167,0.551804,0.896667,0.141787,286,13,4,41,False,False,False,False,False,False,2913
4,0,10,0,5,1,2,0.550833,0.529675,0.71625,0.223883,287,14,4,41,False,False,False,False,False,False,3644
4,0,10,0,6,0,1,0.506667,0.498725,0.483333,0.258083,288,15,4,41,False,False,False,False,False,False,5217
4,0,10,0,0,0,1,0.511667,0.503154,0.486667,0.281717,289,16,4,41,False,False,False,False,False,False,5041
4,0,10,0,1,1,1,0.534167,0.510725,0.579583,0.175379,290,17,4,42,False,False,False,False,False,False,4570
4,0,10,0,2,1,2,0.5325,0.522721,0.701667,0.110087,291,18,4,42,False,False,False,False,False,False,4748
4,0,10,0,3,1,3,0.541739,0.513848,0.895217,0.243339,292,19,4,42,False,False,False,False,False,False,2424
4,0,10,0,4,1,1,0.475833,0.466525,0.63625,0.422275,293,20,4,42,False,False,False,False,False,False,4195
4,0,10,0,5,1,1,0.4275,0.423596,0.574167,0.221396,294,21,4,42,False,False,False,False,False,False,4304
4,0,10,0,6,0,1,0.4225,0.425492,0.629167,0.0926667,295,22,4,42,False,False,False,False,False,False,4308
4,0,10,0,0,0,1,0.421667,0.422333,0.74125,0.0995125,296,23,4,42,False,False,False,False,False,False,4381
4,0,10,0,1,1,1,0.463333,0.457067,0.772083,0.118792,297,24,4,43,False,False,False,False,False,False,4187
4,0,10,0,2,1,1,0.471667,0.463375,0.622917,0.166658,298,25,4,43,False,False,False,False,False,False,4687
4,0,10,0,3,1,2,0.484167,0.472846,0.720417,0.148642,299,26,4,43,False,False,False,False,False,False,3894
4,0,10,0,4,1,2,0.47,0.457046,0.812917,0.197763,300,27,4,43,False,False,False,False,False,False,2659
4,0,10,0,5,1,2,0.330833,0.318812,0.585833,0.229479,301,28,4,43,False,False,False,False,False,False,3747
4,0,10,0,6,0,3,0.254167,0.227913,0.8825,0.351371,302,29,4,43,False,False,False,False,False,False,627
4,0,10,0,0,0,1,0.319167,0.321329,0.62375,0.176617,303,30,4,43,False,False,False,False,False,False,3331
4,0,10,0,1,1,1,0.34,0.356063,0.703333,0.10635,304,31,4,44,True,False,False,False,False,False,3669
4,0,11,0,2,1,1,0.400833,0.397088,0.68375,0.135571,305,1,4,44,False,True,False,False,False,False,4068
4,0,11,0,3,1,1,0.3775,0.390133,0.71875,0.0820917,306,2,4,44,False,False,False,False,False,False,4186
4,0,11,0,4,1,1,0.408333,0.405921,0.702083,0.136817,307,3,4,44,False,False,False,False,False,False,3974
4,0,11,0,5,1,2,0.403333,0.403392,0.6225,0.271779,308,4,4,44,False,False,False,False,False,False,4046
4,0,11,0,6,0,1,0.326667,0.323854,0.519167,0.189062,309,5,4,44,False,False,False,False,False,False,3926
4,0,11,0,0,0,1,0.348333,0.362358,0.734583,0.0920542,310,6,4,44,False,False,False,False,False,False,3649
4,0,11,0,1,1,1,0.395,0.400871,0.75875,0.057225,311,7,4,45,False,False,False,False,False,False,4035
4,0,11,0,2,1,1,0.408333,0.412246,0.721667,0.0690375,312,8,4,45,False,False,False,False,False,False,4205
4,0,11,0,3,1,1,0.4,0.409079,0.758333,0.0621958,313,9,4,45,False,False,False,False,False,False,4109
4,0,11,0,4,1,2,0.38,0.373721,0.813333,0.189067,314,10,4,45,False,False,False,False,False,False,2933
4,0,11,1,5,0,1,0.324167,0.306817,0.44625,0.314675,315,11,4,45,False,False,False,False,False,False,3368
4,0,11,0,6,0,1,0.356667,0.357942,0.552917,0.212062,316,12,4,45,False,False,False,False,False,False,4067
4,0,11,0,0,0,1,0.440833,0.43055,0.458333,0.281721,317,13,4,45,False,False,False,False,False,False,3717
4,0,11,0,1,1,1,0.53,0.524612,0.587083,0.306596,318,14,4,46,False,False,False,False,False,False,4486
4,0,11,0,2,1,2,0.53,0.507579,0.68875,0.199633,319,15,4,46,False,False,False,False,False,False,4195
4,0,11,0,3,1,3,0.456667,0.451988,0.93,0.136829,320,16,4,46,False,False,False,False,False,False,1817
4,0,11,0,4,1,2,0.341667,0.323221,0.575833,0.305362,321,17,4,46,False,False,False,False,False,False,3053
4,0,11,0,5,1,1,0.274167,0.272721,0.41,0.168533,322,18,4,46,False,False,False,False,False,False,3392
4,0,11,0,6,0,1,0.329167,0.324483,0.502083,0.224496,323,19,4,46,False,False,False,False,False,False,3663
4,0,11,0,0,0,2,0.463333,0.457058,0.684583,0.18595,324,20,4,46,False,False,False,False,False,False,3520
4,0,11,0,1,1,3,0.4475,0.445062,0.91,0.138054,325,21,4,47,False,False,False,False,False,False,2765
4,0,11,0,2,1,3,0.416667,0.421696,0.9625,0.118792,326,22,4,47,False,False,False,False,False,False,1607
4,0,11,0,3,1,2,0.440833,0.430537,0.757917,0.335825,327,23,4,47,False,False,False,False,False,False,2566
4,0,11,1,4,0,1,0.373333,0.372471,0.549167,0.167304,328,24,4,47,False,False,False,False,False,False,1495
4,0,11,0,5,1,1,0.375,0.380671,0.64375,0.0988958,329,25,4,47,False,False,False,False,False,False,2792
4,0,11,0,6,0,1,0.375833,0.385087,0.681667,0.0684208,330,26,4,47,False,False,False,False,False,False,3068
4,0,11,0,0,0,1,0.459167,0.4558,0.698333,0.208954,331,27,4,47,False,False,False,False,False,False,3071
4,0,11,0,1,1,1,0.503478,0.490122,0.743043,0.142122,332,28,4,48,False,False,False,False,False,False,3867
4,0,11,0,2,1,2,0.458333,0.451375,0.830833,0.258092,333,29,4,48,False,False,False,False,False,False,2914
4,0,11,0,3,1,1,0.325,0.311221,0.613333,0.271158,334,30,4,48,True,False,False,False,False,False,3613
4,0,12,0,4,1,1,0.3125,0.305554,0.524583,0.220158,335,1,4,48,False,True,False,False,False,False,3727
4,0,12,0,5,1,1,0.314167,0.331433,0.625833,0.100754,336,2,4,48,False,False,False,False,False,False,3940
4,0,12,0,6,0,1,0.299167,0.310604,0.612917,0.0957833,337,3,4,48,False,False,False,False,False,False,3614
4,0,12,0,0,0,1,0.330833,0.3491,0.775833,0.0839583,338,4,4,48,False,False,False,False,False,False,3485
4,0,12,0,1,1,2,0.385833,0.393925,0.827083,0.0622083,339,5,4,49,False,False,False,False,False,False,3811
4,0,12,0,2,1,3,0.4625,0.4564,0.949583,0.232583,340,6,4,49,False,False,False,False,False,False,2594
4,0,12,0,3,1,3,0.41,0.400246,0.970417,0.266175,341,7,4,49,False,False,False,False,False,False,705
4,0,12,0,4,1,1,0.265833,0.256938,0.58,0.240058,342,8,4,49,False,False,False,False,False,False,3322
4,0,12,0,5,1,1,0.290833,0.317542,0.695833,0.0827167,343,9,4,49,False,False,False,False,False,False,3620
4,0,12,0,6,0,1,0.275,0.266412,0.5075,0.233221,344,10,4,49,False,False,False,False,False,False,3190
4,0,12,0,0,0,1,0.220833,0.253154,0.49,0.0665417,345,11,4,49,False,False,False,False,False,False,2743
4,0,12,0,1,1,1,0.238333,0.270196,0.670833,0.06345,346,12,4,50,False,False,False,False,False,False,3310
4,0,12,0,2,1,1,0.2825,0.301138,0.59,0.14055,347,13,4,50,False,False,False,False,False,False,3523
4,0,12,0,3,1,2,0.3175,0.338362,0.66375,0.0609583,348,14,4,50,False,False,False,False,False,False,3740
4,0,12,0,4,1,2,0.4225,0.412237,0.634167,0.268042,349,15,4,50,False,False,False,False,False,False,3709
4,0,12,0,5,1,2,0.375,0.359825,0.500417,0.260575,350,16,4,50,False,False,False,False,False,False,3577
4,0,12,0,6,0,2,0.258333,0.249371,0.560833,0.243167,351,17,4,50,False,False,False,False,False,False,2739
4,0,12,0,0,0,1,0.238333,0.245579,0.58625,0.169779,352,18,4,50,False,False,False,False,False,False,2431
4,0,12,0,1,1,1,0.276667,0.280933,0.6375,0.172896,353,19,4,51,False,False,False,False,False,False,3403
4,0,12,0,2,1,2,0.385833,0.396454,0.595417,0.0615708,354,20,4,51,False,False,False,False,False,False,3750
1,0,12,0,3,1,2,0.428333,0.428017,0.858333,0.2214,355,21,4,51,False,False,False,False,False,False,2660
1,0,12,0,4,1,2,0.423333,0.426121,0.7575,0.047275,356,22,4,51,False,False,False,False,False,False,3068
1,0,12,0,5,1,1,0.373333,0.377513,0.68625,0.274246,357,23,4,51,False,False,False,False,False,False,2209
1,0,12,0,6,0,1,0.3025,0.299242,0.5425,0.190304,358,24,4,51,False,False,False,False,False,False,1011
1,0,12,0,0,0,1,0.274783,0.279961,0.681304,0.155091,359,25,4,51,False,False,False,False,False,False,754
1,0,12,1,1,0,1,0.321739,0.315535,0.506957,0.239465,360,26,4,52,False,False,False,False,False,False,1317
1,0,12,0,2,1,2,0.325,0.327633,0.7625,0.18845,361,27,4,52,False,False,False,False,False,False,1162
1,0,12,0,3,1,1,0.29913,0.279974,0.503913,0.293961,362,28,4,52,False,False,False,False,False,False,2302
1,0,12,0,4,1,1,0.248333,0.263892,0.574167,0.119412,363,29,4,52,False,False,False,False,False,False,2423
1,0,12,0,5,1,1,0.311667,0.318812,0.636667,0.134337,364,30,4,52,False,False,False,False,False,False,2999
1,0,12,0,6,0,1,0.41,0.414121,0.615833,0.220154,365,31,4,52,True,False,True,False,True,False,2485
1,1,1,0,0,0,1,0.37,0.375621,0.6925,0.192167,1,1,1,52,False,True,False,True,False,True,2294
1,1,1,1,1,0,1,0.273043,0.252304,0.381304,0.329665,2,2,1,1,False,False,False,False,False,False,1951
1,1,1,0,2,1,1,0.15,0.126275,0.44125,0.365671,3,3,1,1,False,False,False,False,False,False,2236
1,1,1,0,3,1,2,0.1075,0.119337,0.414583,0.1847,4,4,1,1,False,False,False,False,False,False,2368
1,1,1,0,4,1,1,0.265833,0.278412,0.524167,0.129987,5,5,1,1,False,False,False,False,False,False,3272
1,1,1,0,5,1,1,0.334167,0.340267,0.542083,0.167908,6,6,1,1,False,False,False,False,False,False,4098
1,1,1,0,6,0,1,0.393333,0.390779,0.531667,0.174758,7,7,1,1,False,False,False,False,False,False,4521
1,1,1,0,0,0,1,0.3375,0.340258,0.465,0.191542,8,8,1,1,False,False,False,False,False,False,3425
1,1,1,0,1,1,2,0.224167,0.247479,0.701667,0.0989,9,9,1,2,False,False,False,False,False,False,2376
1,1,1,0,2,1,1,0.308696,0.318826,0.646522,0.187552,10,10,1,2,False,False,False,False,False,False,3598
1,1,1,0,3,1,2,0.274167,0.282821,0.8475,0.131221,11,11,1,2,False,False,False,False,False,False,2177
1,1,1,0,4,1,2,0.3825,0.381938,0.802917,0.180967,12,12,1,2,False,False,False,False,False,False,4097
1,1,1,0,5,1,1,0.274167,0.249362,0.5075,0.378108,13,13,1,2,False,False,False,False,False,False,3214
1,1,1,0,6,0,1,0.18,0.183087,0.4575,0.187183,14,14,1,2,False,False,False,False,False,False,2493
1,1,1,0,0,0,1,0.166667,0.161625,0.419167,0.251258,15,15,1,2,False,False,False,False,False,False,2311
1,1,1,1,1,0,1,0.19,0.190663,0.5225,0.231358,16,16,1,3,False,False,False,False,False,False,2298
1,1,1,0,2,1,2,0.373043,0.364278,0.716087,0.34913,17,17,1,3,False,False,False,False,False,False,2935
1,1,1,0,3,1,1,0.303333,0.275254,0.443333,0.415429,18,18,1,3,False,False,False,False,False,False,3376
1,1,1,0,4,1,1,0.19,0.190038,0.4975,0.220158,19,19,1,3,False,False,False,False,False,False,3292
1,1,1,0,5,1,2,0.2175,0.220958,0.45,0.20275,20,20,1,3,False,False,False,False,False,False,3163
1,1,1,0,6,0,2,0.173333,0.174875,0.83125,0.222642,21,21,1,3,False,False,False,False,False,False,1301
1,1,1,0,0,0,2,0.1625,0.16225,0.79625,0.199638,22,22,1,3,False,False,False,False,False,False,1977
1,1,1,0,1,1,2,0.218333,0.243058,0.91125,0.110708,23,23,1,4,False,False,False,False,False,False,2432
1,1,1,0,2,1,1,0.3425,0.349108,0.835833,0.123767,24,24,1,4,False,False,False,False,False,False,4339
1,1,1,0,3,1,1,0.294167,0.294821,0.64375,0.161071,25,25,1,4,False,False,False,False,False,False,4270
1,1,1,0,4,1,2,0.341667,0.35605,0.769583,0.0733958,26,26,1,4,False,False,False,False,False,False,4075
1,1,1,0,5,1,2,0.425,0.415383,0.74125,0.342667,27,27,1,4,False,False,False,False,False,False,3456
1,1,1,0,6,0,1,0.315833,0.326379,0.543333,0.210829,28,28,1,4,False,False,False,False,False,False,4023
1,1,1,0,0,0,1,0.2825,0.272721,0.31125,0.24005,29,29,1,4,False,False,False,False,False,False,3243
1,1,1,0,1,1,1,0.269167,0.262625,0.400833,0.215792,30,30,1,5,False,False,False,False,False,False,3624
1,1,1,0,2,1,1,0.39,0.381317,0.416667,0.261817,31,31,1,5,True,False,False,False,False,False,4509
1,1,2,0,3,1,1,0.469167,0.466538,0.507917,0.189067,32,1,1,5,False,True,False,False,False,False,4579
1,1,2,0,4,1,2,0.399167,0.398971,0.672917,0.187187,33,2,1,5,False,False,False,False,False,False,3761
1,1,2,0,5,1,1,0.313333,0.309346,0.526667,0.178496,34,3,1,5,False,False,False,False,False,False,4151
1,1,2,0,6,0,2,0.264167,0.272725,0.779583,0.121896,35,4,1,5,False,False,False,False,False,False,2832
1,1,2,0,0,0,2,0.265833,0.264521,0.687917,0.175996,36,5,1,5,False,False,False,False,False,False,2947
1,1,2,0,1,1,1,0.282609,0.296426,0.622174,0.1538,37,6,1,6,False,False,False,False,False,False,3784
1,1,2,0,2,1,1,0.354167,0.361104,0.49625,0.147379,38,7,1,6,False,False,False,False,False,False,4375
1,1,2,0,3,1,2,0.256667,0.266421,0.722917,0.133721,39,8,1,6,False,False,False,False,False,False,2802
1,1,2,0,4,1,1,0.265,0.261988,0.562083,0.194037,40,9,1,6,False,False,False,False,False,False,3830
1,1,2,0,5,1,2,0.280833,0.293558,0.54,0.116929,41,10,1,6,False,False,False,False,False,False,3831
1,1,2,0,6,0,3,0.224167,0.210867,0.73125,0.289796,42,11,1,6,False,False,False,False,False,False,2169
1,1,2,0,0,0,1,0.1275,0.101658,0.464583,0.409212,43,12,1,6,False,False,False,False,False,False,1529
1,1,2,0,1,1,1,0.2225,0.227913,0.41125,0.167283,44,13,1,7,False,False,False,False,False,False,3422
1,1,2,0,2,1,2,0.319167,0.333946,0.50875,0.141179,45,14,1,7,False,False,False,False,False,False,3922
1,1,2,0,3,1,1,0.348333,0.351629,0.53125,0.1816,46,15,1,7,False,False,False,False,False,False,4169
1,1,2,0,4,1,2,0.316667,0.330162,0.752917,0.091425,47,16,1,7,False,False,False,False,False,False,3005
1,1,2,0,5,1,1,0.343333,0.351629,0.634583,0.205846,48,17,1,7,False,False,False,False,False,False,4154
1,1,2,0,6,0,1,0.346667,0.355425,0.534583,0.190929,49,18,1,7,False,False,False,False,False,False,4318
1,1,2,0,0,0,2,0.28,0.265788,0.515833,0.253112,50,19,1,7,False,False,False,False,False,False,2689
1,1,2,1,1,0,1,0.28,0.273391,0.507826,0.229083,51,20,1,8,False,False,False,False,False,False,3129
1,1,2,0,2,1,1,0.287826,0.295113,0.594348,0.205717,52,21,1,8,False,False,False,False,False,False,3777
1,1,2,0,3,1,1,0.395833,0.392667,0.567917,0.234471,53,22,1,8,False,False,False,False,False,False,4773
1,1,2,0,4,1,1,0.454167,0.444446,0.554583,0.190913,54,23,1,8,False,False,False,False,False,False,5062
1,1,2,0,5,1,2,0.4075,0.410971,0.7375,0.237567,55,24,1,8,False,False,False,False,False,False,3487
1,1,2,0,6,0,1,0.290833,0.255675,0.395833,0.421642,56,25,1,8,False,False,False,False,False,False,2732
1,1,2,0,0,0,1,0.279167,0.268308,0.41,0.205229,57,26,1,8,False,False,False,False,False,False,3389
1,1,2,0,1,1,1,0.366667,0.357954,0.490833,0.268033,58,27,1,9,False,False,False,False,False,False,4322
1,1,2,0,2,1,1,0.359167,0.353525,0.395833,0.193417,59,28,1,9,False,False,False,False,False,False,4363
1,1,2,0,3,1,2,0.344348,0.34847,0.804783,0.179117,60,29,1,9,True,False,False,False,False,False,1834
1,1,3,0,4,1,1,0.485833,0.475371,0.615417,0.226987,61,1,1,9,False,True,False,False,False,False,4990
1,1,3,0,5,1,2,0.353333,0.359842,0.657083,0.144904,62,2,1,9,False,False,False,False,False,False,3194
1,1,3,0,6,0,2,0.414167,0.413492,0.62125,0.161079,63,3,1,9,False,False,False,False,False,False,4066
1,1,3,0,0,0,1,0.325833,0.303021,0.403333,0.334571,64,4,1,9,False,False,False,False,False,False,3423
1,1,3,0,1,1,1,0.243333,0.241171,0.50625,0.228858,65,5,1,10,False,False,False,False,False,False,3333
1,1,3,0,2,1,1,0.258333,0.255042,0.456667,0.200875,66,6,1,10,False,False,False,False,False,False,3956
1,1,3,0,3,1,1,0.404167,0.3851,0.513333,0.345779,67,7,1,10,False,False,False,False,False,False,4916
1,1,3,0,4,1,1,0.5275,0.524604,0.5675,0.441563,68,8,1,10,False,False,False,False,False,False,5382
1,1,3,0,5,1,2,0.410833,0.397083,0.407083,0.4148,69,9,1,10,False,False,False,False,False,False,4569
1,1,3,0,6,0,1,0.2875,0.277767,0.350417,0.22575,70,10,1,10,False,False,False,False,False,False,4118
1,1,3,0,0,0,1,0.361739,0.35967,0.476957,0.222587,71,11,1,10,False,False,False,False,False,False,4911
1,1,3,0,1,1,1,0.466667,0.459592,0.489167,0.207713,72,12,1,11,False,False,False,False,False,False,5298
1,1,3,0,2,1,1,0.565,0.542929,0.6175,0.23695,73,13,1,11,False,False,False,False,False,False,5847
1,1,3,0,3,1,1,0.5725,0.548617,0.507083,0.115062,74,14,1,11,False,False,False,False,False,False,6312
1,1,3,0,4,1,1,0.5575,0.532825,0.579583,0.149883,75,15,1,11,False,False,False,False,False,False,6192
1,1,3,0,5,1,2,0.435833,0.436229,0.842083,0.113192,76,16,1,11,False,False,False,False,False,False,4378
1,1,3,0,6,0,2,0.514167,0.505046,0.755833,0.110704,77,17,1,11,False,False,False,False,False,False,7836
1,1,3,0,0,0,2,0.4725,0.464,0.81,0.126883,78,18,1,11,False,False,False,False,False,False,5892
1,1,3,0,1,1,1,0.545,0.532821,0.72875,0.162317,79,19,1,12,False,False,False,False,False,False,6153
1,1,3,0,2,1,1,0.560833,0.538533,0.807917,0.121271,80,20,1,12,False,False,False,False,False,False,6093
2,1,3,0,3,1,2,0.531667,0.513258,0.82125,0.0895583,81,21,1,12,False,False,False,False,False,False,6230
2,1,3,0,4,1,1,0.554167,0.531567,0.83125,0.117562,82,22,1,12,False,False,False,False,False,False,6871
2,1,3,0,5,1,2,0.601667,0.570067,0.694167,0.1163,83,23,1,12,False,False,False,False,False,False,8362
2,1,3,0,6,0,2,0.5025,0.486733,0.885417,0.192783,84,24,1,12,False,False,False,False,False,False,3372
2,1,3,0,0,0,2,0.4375,0.437488,0.880833,0.220775,85,25,1,12,False,False,False,False,False,False,4996
2,1,3,0,1,1,1,0.445833,0.43875,0.477917,0.386821,86,26,1,13,False,False,False,False,False,False,5558
2,1,3,0,2,1,1,0.323333,0.315654,0.29,0.187192,87,27,1,13,False,False,False,False,False,False,5102
2,1,3,0,3,1,1,0.484167,0.47095,0.48125,0.291671,88,28,1,13,False,False,False,False,False,False,5698
2,1,3,0,4,1,1,0.494167,0.482304,0.439167,0.31965,89,29,1,13,False,False,False,False,False,False,6133
2,1,3,0,5,1,2,0.37,0.375621,0.580833,0.138067,90,30,1,13,False,False,False,False,False,False,5459
2,1,3,0,6,0,2,0.424167,0.421708,0.738333,0.250617,91,31,1,13,True,False,True,False,False,False,6235
2,1,4,0,0,0,2,0.425833,0.417287,0.67625,0.172267,92,1,2,13,False,True,False,True,False,False,6041
2,1,4,0,1,1,1,0.433913,0.427513,0.504348,0.312139,93,2,2,14,False,False,False,False,False,False,5936
2,1,4,0,2,1,1,0.466667,0.461483,0.396667,0.100133,94,3,2,14,False,False,False,False,False,False,6772
2,1,4,0,3,1,1,0.541667,0.53345,0.469583,0.180975,95,4,2,14,False,False,False,False,False,False,6436
2,1,4,0,4,1,1,0.435,0.431163,0.374167,0.219529,96,5,2,14,False,False,False,False,False,False,6457
2,1,4,0,5,1,1,0.403333,0.390767,0.377083,0.300388,97,6,2,14,False,False,False,False,False,False,6460
2,1,4,0,6,0,1,0.4375,0.426129,0.254167,0.274871,98,7,2,14,False,False,False,False,False,False,6857
2,1,4,0,0,0,1,0.5,0.492425,0.275833,0.232596,99,8,2,14,False,False,False,False,False,False,5169
2,1,4,0,1,1,1,0.489167,0.476638,0.3175,0.358196,100,9,2,15,False,False,False,False,False,False,5585
2,1,4,0,2,1,1,0.446667,0.436233,0.435,0.249375,101,10,2,15,False,False,False,False,False,False,5918
2,1,4,0,3,1,1,0.348696,0.337274,0.469565,0.295274,102,11,2,15,False,False,False,False,False,False,4862
2,1,4,0,4,1,1,0.3975,0.387604,0.46625,0.290429,103,12,2,15,False,False,False,False,False,False,5409
2,1,4,0,5,1,1,0.4425,0.431808,0.408333,0.155471,104,13,2,15,False,False,False,False,False,False,6398
2,1,4,0,6,0,1,0.495,0.487996,0.502917,0.190917,105,14,2,15,False,False,False,False,False,False,7460
2,1,4,0,0,0,1,0.606667,0.573875,0.507917,0.225129,106,15,2,15,False,False,False,False,False,False,7132
2,1,4,1,1,0,1,0.664167,0.614925,0.561667,0.284829,107,16,2,16,False,False,False,False,False,False,6370
2,1,4,0,2,1,1,0.608333,0.598487,0.390417,0.273629,108,17,2,16,False,False,False,False,False,False,6691
2,1,4,0,3,1,2,0.463333,0.457038,0.569167,0.167912,109,18,2,16,False,False,False,False,False,False,4367
2,1,4,0,4,1,1,0.498333,0.493046,0.6125,0.0659292,110,19,2,16,False,False,False,False,False,False,6565
2,1,4,0,5,1,1,0.526667,0.515775,0.694583,0.149871,111,20,2,16,False,False,False,False,False,False,7290
2,1,4,0,6,0,1,0.57,0.542921,0.682917,0.283587,112,21,2,16,False,False,False,False,False,False,6624
2,1,4,0,0,0,3,0.396667,0.389504,0.835417,0.344546,113,22,2,16,False,False,False,False,False,False,1027
2,1,4,0,1,1,2,0.321667,0.301125,0.766667,0.303496,114,23,2,17,False,False,False,False,False,False,3214
2,1,4,0,2,1,1,0.413333,0.405283,0.454167,0.249383,115,24,2,17,False,False,False,False,False,False,5633
2,1,4,0,3,1,1,0.476667,0.470317,0.427917,0.118792,116,25,2,17,False,False,False,False,False,False,6196
2,1,4,0,4,1,2,0.498333,0.483583,0.756667,0.176625,117,26,2,17,False,False,False,False,False,False,5026
2,1,4,0,5,1,1,0.4575,0.452637,0.400833,0.347633,118,27,2,17,False,False,False,False,False,False,6233
2,1,4,0,6,0,2,0.376667,0.377504,0.489583,0.129975,119,28,2,17,False,False,False,False,False,False,4220
2,1,4,0,0,0,1,0.458333,0.450121,0.587083,0.116908,120,29,2,17,False,False,False,False,False,False,6304
2,1,4,0,1,1,2,0.464167,0.457696,0.57,0.171638,121,30,2,18,True,False,False,False,False,False,5572
2,1,5,0,2,1,2,0.613333,0.577021,0.659583,0.156096,122,1,2,18,False,True,False,False,False,False,5740
2,1,5,0,3,1,1,0.564167,0.537896,0.797083,0.138058,123,2,2,18,False,False,False,False,False,False,6169
2,1,5,0,4,1,2,0.56,0.537242,0.768333,0.133696,124,3,2,18,False,False,False,False,False,False,6421
2,1,5,0,5,1,1,0.6275,0.590917,0.735417,0.162938,125,4,2,18,False,False,False,False,False,False,6296
2,1,5,0,6,0,2,0.621667,0.584608,0.756667,0.152992,126,5,2,18,False,False,False,False,False,False,6883
2,1,5,0,0,0,2,0.5625,0.546737,0.74,0.149879,127,6,2,18,False,False,False,False,False,False,6359
2,1,5,0,1,1,2,0.5375,0.527142,0.664167,0.230721,128,7,2,19,False,False,False,False,False,False,6273
2,1,5,0,2,1,2,0.581667,0.557471,0.685833,0.296029,129,8,2,19,False,False,False,False,False,False,5728
2,1,5,0,3,1,2,0.575,0.553025,0.744167,0.216412,130,9,2,19,False,False,False,False,False,False,4717
2,1,5,0,4,1,1,0.505833,0.491783,0.552083,0.314063,131,10,2,19,False,False,False,False,False,False,6572
2,1,5,0,5,1,1,0.533333,0.520833,0.360417,0.236937,132,11,2,19,False,False,False,False,False,False,7030
2,1,5,0,6,0,1,0.564167,0.544817,0.480417,0.123133,133,12,2,19,False,False,False,False,False,False,7429
2,1,5,0,0,0,1,0.6125,0.585238,0.57625,0.225117,134,13,2,19,False,False,False,False,False,False,6118
2,1,5,0,1,1,2,0.573333,0.5499,0.789583,0.212692,135,14,2,20,False,False,False,False,False,False,2843
2,1,5,0,2,1,2,0.611667,0.576404,0.794583,0.147392,136,15,2,20,False,False,False,False,False,False,5115
2,1,5,0,3,1,1,0.636667,0.595975,0.697917,0.122512,137,16,2,20,False,False,False,False,False,False,7424
2,1,5,0,4,1,1,0.593333,0.572613,0.52,0.229475,138,17,2,20,False,False,False,False,False,False,7384
2,1,5,0,5,1,1,0.564167,0.551121,0.523333,0.136817,139,18,2,20,False,False,False,False,False,False,7639
2,1,5,0,6,0,1,0.6,0.566908,0.45625,0.083975,140,19,2,20,False,False,False,False,False,False,8294
2,1,5,0,0,0,1,0.620833,0.583967,0.530417,0.254367,141,20,2,20,False,False,False,False,False,False,7129
2,1,5,0,1,1,2,0.598333,0.565667,0.81125,0.233204,142,21,2,21,False,False,False,False,False,False,4359
2,1,5,0,2,1,2,0.615,0.580825,0.765833,0.118167,143,22,2,21,False,False,False,False,False,False,6073
2,1,5,0,3,1,2,0.621667,0.584612,0.774583,0.102,144,23,2,21,False,False,False,False,False,False,5260
2,1,5,0,4,1,1,0.655,0.6067,0.716667,0.172896,145,24,2,21,False,False,False,False,False,False,6770
2,1,5,0,5,1,1,0.68,0.627529,0.747083,0.14055,146,25,2,21,False,False,False,False,False,False,6734
2,1,5,0,6,0,1,0.6925,0.642696,0.7325,0.198992,147,26,2,21,False,False,False,False,False,False,6536
2,1,5,0,0,0,1,0.69,0.641425,0.697083,0.215171,148,27,2,21,False,False,False,False,False,False,6591
2,1,5,1,1,0,1,0.7125,0.6793,0.67625,0.196521,149,28,2,22,False,False,False,False,False,False,6043
2,1,5,0,2,1,1,0.7225,0.672992,0.684583,0.2954,150,29,2,22,False,False,False,False,False,False,5743
2,1,5,0,3,1,2,0.656667,0.611129,0.67,0.134329,151,30,2,22,False,False,False,False,False,False,6855
2,1,5,0,4,1,1,0.68,0.631329,0.492917,0.195279,152,31,2,22,True,False,False,False,False,False,7338
2,1,6,0,5,1,2,0.654167,0.607962,0.755417,0.237563,153,1,2,22,False,True,False,False,False,False,4127
2,1,6,0,6,0,1,0.583333,0.566288,0.549167,0.186562,154,2,2,22,False,False,False,False,False,False,8120
2,1,6,0,0,0,1,0.6025,0.575133,0.493333,0.184087,155,3,2,22,False,False,False,False,False,False,7641
2,1,6,0,1,1,1,0.5975,0.578283,0.487083,0.284833,156,4,2,23,False,False,False,False,False,False,6998
2,1,6,0,2,1,2,0.540833,0.525892,0.613333,0.209575,157,5,2,23,False,False,False,False,False,False,7001
2,1,6,0,3,1,1,0.554167,0.542292,0.61125,0.077125,158,6,2,23,False,False,False,False,False,False,7055
2,1,6,0,4,1,1,0.6025,0.569442,0.567083,0.15735,159,7,2,23,False,False,False,False,False,False,7494
2,1,6,0,5,1,1,0.649167,0.597862,0.467917,0.175383,160,8,2,23,False,False,False,False,False,False,7736
2,1,6,0,6,0,1,0.710833,0.648367,0.437083,0.144287,161,9,2,23,False,False,False,False,False,False,7498
2,1,6,0,0,0,1,0.726667,0.663517,0.538333,0.133721,162,10,2,23,False,False,False,False,False,False,6598
2,1,6,0,1,1,2,0.720833,0.659721,0.587917,0.207713,163,11,2,24,False,False,False,False,False,False,6664
2,1,6,0,2,1,2,0.653333,0.597875,0.833333,0.214546,164,12,2,24,False,False,False,False,False,False,4972
2,1,6,0,3,1,1,0.655833,0.611117,0.582083,0.343279,165,13,2,24,False,False,False,False,False,False,7421
2,1,6,0,4,1,1,0.648333,0.624383,0.569583,0.253733,166,14,2,24,False,False,False,False,False,False,7363
2,1,6,0,5,1,1,0.639167,0.599754,0.589583,0.176617,167,15,2,24,False,False,False,False,False,False,7665
2,1,6,0,6,0,1,0.631667,0.594708,0.504167,0.166667,168,16,2,24,False,False,False,False,False,False,7702
2,1,6,0,0,0,1,0.5925,0.571975,0.59875,0.144904,169,17,2,24,False,False,False,False,False,False,6978
2,1,6,0,1,1,2,0.568333,0.544842,0.777917,0.174746,170,18,2,25,False,False,False,False,False,False,5099
2,1,6,0,2,1,1,0.688333,0.654692,0.69,0.148017,171,19,2,25,False,False,False,False,False,False,6825
2,1,6,0,3,1,1,0.7825,0.720975,0.592083,0.113812,172,20,2,25,False,False,False,False,False,False,6211
3,1,6,0,4,1,1,0.805833,0.752542,0.567917,0.118787,173,21,2,25,False,False,False,False,False,False,5905
3,1,6,0,5,1,1,0.7775,0.724121,0.57375,0.182842,174,22,2,25,False,False,False,False,False,False,5823
3,1,6,0,6,0,1,0.731667,0.652792,0.534583,0.179721,175,23,2,25,False,False,False,False,False,False,7458
3,1,6,0,0,0,1,0.743333,0.674254,0.479167,0.145525,176,24,2,25,False,False,False,False,False,False,6891
3,1,6,0,1,1,1,0.715833,0.654042,0.504167,0.300383,177,25,2,26,False,False,False,False,False,False,6779
3,1,6,0,2,1,1,0.630833,0.594704,0.373333,0.347642,178,26,2,26,False,False,False,False,False,False,7442
3,1,6,0,3,1,1,0.6975,0.640792,0.36,0.271775,179,27,2,26,False,False,False,False,False,False,7335
3,1,6,0,4,1,1,0.749167,0.675512,0.4225,0.17165,180,28,2,26,False,False,False,False,False,False,6879
3,1,6,0,5,1,1,0.834167,0.786613,0.48875,0.165417,181,29,2,26,False,False,False,False,False,False,5463
3,1,6,0,6,0,1,0.765,0.687508,0.60125,0.161071,182,30,2,26,True,False,True,False,False,False,5687
3,1,7,0,0,0,1,0.815833,0.750629,0.51875,0.168529,183,1,3,26,False,True,False,True,False,False,5531
3,1,7,0,1,1,1,0.781667,0.702038,0.447083,0.195267,184,2,3,27,False,False,False,False,False,False,6227
3,1,7,0,2,1,1,0.780833,0.70265,0.492083,0.126237,185,3,3,27,False,False,False,False,False,False,6660
3,1,7,1,3,0,1,0.789167,0.732337,0.53875,0.13495,186,4,3,27,False,False,False,False,False,False,7403
3,1,7,0,4,1,1,0.8275,0.761367,0.457917,0.194029,187,5,3,27,False,False,False,False,False,False,6241
3,1,7,0,5,1,1,0.828333,0.752533,0.450833,0.146142,188,6,3,27,False,False,False,False,False,False,6207
3,1,7,0,6,0,1,0.861667,0.804913,0.492083,0.163554,189,7,3,27,False,False,False,False,False,False,4840
3,1,7,0,0,0,1,0.8225,0.790396,0.57375,0.125629,190,8,3,27,False,False,False,False,False,False,4672
3,1,7,0,1,1,2,0.710833,0.654054,0.683333,0.180975,191,9,3,28,False,False,False,False,False,False,6569
3,1,7,0,2,1,2,0.720833,0.664796,0.6675,0.151737,192,10,3,28,False,False,False,False,False,False,6290
3,1,7,0,3,1,1,0.716667,0.650271,0.633333,0.151733,193,11,3,28,False,False,False,False,False,False,7264
3,1,7,0,4,1,1,0.715833,0.654683,0.529583,0.146775,194,12,3,28,False,False,False,False,False,False,7446
3,1,7,0,5,1,2,0.731667,0.667933,0.485833,0.08085,195,13,3,28,False,False,False,False,False,False,7499
3,1,7,0,6,0,2,0.703333,0.666042,0.699167,0.143679,196,14,3,28,False,False,False,False,False,False,6969
3,1,7,0,0,0,1,0.745833,0.705196,0.717917,0.166667,197,15,3,28,False,False,False,False,False,False,6031
3,1,7,0,1,1,1,0.763333,0.724125,0.645,0.164187,198,16,3,29,False,False,False,False,False,False,6830
3,1,7,0,2,1,1,0.818333,0.755683,0.505833,0.114429,199,17,3,29,False,False,False,False,False,False,6786
3,1,7,0,3,1,1,0.793333,0.745583,0.577083,0.137442,200,18,3,29,False,False,False,False,False,False,5713
3,1,7,0,4,1,1,0.77,0.714642,0.600417,0.165429,201,19,3,29,False,False,False,False,False,False,6591
3,1,7,0,5,1,2,0.665833,0.613025,0.844167,0.208967,202,20,3,29,False,False,False,False,False,False,5870
3,1,7,0,6,0,3,0.595833,0.549912,0.865417,0.2133,203,21,3,29,False,False,False,False,False,False,4459
3,1,7,0,0,0,2,0.6675,0.623125,0.7625,0.0939208,204,22,3,29,False,False,False,False,False,False,7410
3,1,7,0,1,1,1,0.741667,0.690017,0.694167,0.138683,205,23,3,30,False,False,False,False,False,False,6966
3,1,7,0,2,1,1,0.750833,0.70645,0.655,0.211454,206,24,3,30,False,False,False,False,False,False,7592
3,1,7,0,3,1,1,0.724167,0.654054,0.45,0.1648,207,25,3,30,False,False,False,False,False,False,8173
3,1,7,0,4,1,1,0.776667,0.739263,0.596667,0.284813,208,26,3,30,False,False,False,False,False,False,6861
3,1,7,0,5,1,1,0.781667,0.734217,0.594583,0.152992,209,27,3,30,False,False,False,False,False,False,6904
3,1,7,0,6,0,1,0.755833,0.697604,0.613333,0.15735,210,28,3,30,False,False,False,False,False,False,6685
3,1,7,0,0,0,1,0.721667,0.667933,0.62375,0.170396,211,29,3,30,False,False,False,False,False,False,6597
3,1,7,0,1,1,1,0.730833,0.684987,0.66875,0.153617,212,30,3,31,False,False,False,False,False,False,7105
3,1,7,0,2,1,1,0.713333,0.662896,0.704167,0.165425,213,31,3,31,True,False,False,False,False,False,7216
3,1,8,0,3,1,1,0.7175,0.667308,0.6775,0.141179,214,1,3,31,False,True,False,False,False,False,7580
3,1,8,0,4,1,1,0.7525,0.707088,0.659583,0.129354,215,2,3,31,False,False,False,False,False,False,7261
3,1,8,0,5,1,2,0.765833,0.722867,0.6425,0.215792,216,3,3,31,False,False,False,False,False,False,7175
3,1,8,0,6,0,1,0.793333,0.751267,0.613333,0.257458,217,4,3,31,False,False,False,False,False,False,6824
3,1,8,0,0,0,1,0.769167,0.731079,0.6525,0.290421,218,5,3,31,False,False,False,False,False,False,5464
3,1,8,0,1,1,2,0.7525,0.710246,0.654167,0.129354,219,6,3,32,False,False,False,False,False,False,7013
3,1,8,0,2,1,2,0.735833,0.697621,0.70375,0.116908,220,7,3,32,False,False,False,False,False,False,7273
3,1,8,0,3,1,2,0.75,0.707717,0.672917,0.1107,221,8,3,32,False,False,False,False,False,False,7534
3,1,8,0,4,1,1,0.755833,0.699508,0.620417,0.1561,222,9,3,32,False,False,False,False,False,False,7286
3,1,8,0,5,1,2,0.715833,0.667942,0.715833,0.238813,223,10,3,32,False,False,False,False,False,False,5786
3,1,8,0,6,0,2,0.6925,0.638267,0.732917,0.206479,224,11,3,32,False,False,False,False,False,False,6299
3,1,8,0,0,0,1,0.700833,0.644579,0.530417,0.122512,225,12,3,32,False,False,False,False,False,False,6544
3,1,8,0,1,1,1,0.720833,0.662254,0.545417,0.136212,226,13,3,33,False,False,False,False,False,False,6883
3,1,8,0,2,1,1,0.726667,0.676779,0.686667,0.169158,227,14,3,33,False,False,False,False,False,False,6784
3,1,8,0,3,1,1,0.706667,0.654037,0.619583,0.169771,228,15,3,33,False,False,False,False,False,False,7347
3,1,8,0,4,1,1,0.719167,0.654688,0.519167,0.141796,229,16,3,33,False,False,False,False,False,False,7605
3,1,8,0,5,1,1,0.723333,0.2424,0.570833,0.231354,230,17,3,33,False,False,False,False,False,False,7148
3,1,8,0,6,0,1,0.678333,0.618071,0.603333,0.177867,231,18,3,33,False,False,False,False,False,False,7865
3,1,8,0,0,0,2,0.635833,0.603554,0.711667,0.08645,232,19,3,33,False,False,False,False,False,False,4549
3,1,8,0,1,1,2,0.635833,0.595967,0.734167,0.129979,233,20,3,34,False,False,False,False,False,False,6530
3,1,8,0,2,1,1,0.649167,0.601025,0.67375,0.0727708,234,21,3,34,False,False,False,False,False,False,7006
3,1,8,0,3,1,1,0.6675,0.621854,0.677083,0.0702833,235,22,3,34,False,False,False,False,False,False,7375
3,1,8,0,4,1,1,0.695833,0.637008,0.635833,0.0845958,236,23,3,34,False,False,False,False,False,False,7765
3,1,8,0,5,1,2,0.7025,0.6471,0.615,0.0721458,237,24,3,34,False,False,False,False,False,False,7582
3,1,8,0,6,0,2,0.661667,0.618696,0.712917,0.244408,238,25,3,34,False,False,False,False,False,False,6053
3,1,8,0,0,0,2,0.653333,0.595996,0.845833,0.228858,239,26,3,34,False,False,False,False,False,False,5255
3,1,8,0,1,1,1,0.703333,0.654688,0.730417,0.128733,240,27,3,35,False,False,False,False,False,False,6917
3,1,8,0,2,1,1,0.728333,0.66605,0.62,0.190925,241,28,3,35,False,False,False,False,False,False,7040
3,1,8,0,3,1,1,0.685,0.635733,0.552083,0.112562,242,29,3,35,False,False,False,False,False,False,7697
3,1,8,0,4,1,1,0.706667,0.652779,0.590417,0.0771167,243,30,3,35,False,False,False,False,False,False,7713
3,1,8,0,5,1,1,0.764167,0.6894,0.5875,0.168533,244,31,3,35,True,False,False,False,False,False,7350
